{"cameraMode":{"drawMode":0,"name":"Shaded","section":"Shading Mode"},"sceneLighting":true,"audioPlay":false,"sceneViewState":{"showFog":true,"showMaterialUpdate":false,"showSkybox":true,"showFlares":true,"showImageEffects":true,"showParticleSystems":true},"in2DMode":false,"pivot":{"x":66.13575744628906,"y":-51.67083740234375,"z":105.22850036621094},"rotation":{"x":-0.09010192006826401,"y":0.9096778035163879,"z":-0.2878020703792572,"w":-0.2859402298927307},"size":166.7458953857422,"orthographic":false}