{"cameraMode":{"drawMode":0,"name":"Shaded","section":"Shading Mode"},"sceneLighting":true,"audioPlay":false,"sceneViewState":{"showFog":true,"showMaterialUpdate":false,"showSkybox":true,"showFlares":true,"showImageEffects":true,"showParticleSystems":true},"in2DMode":false,"pivot":{"x":-87.42230987548828,"y":-61.67333984375,"z":119.43331146240235},"rotation":{"x":0.24176354706287385,"y":-0.7096894979476929,"z":0.2884722054004669,"w":0.5958930253982544},"size":522.8204956054688,"orthographic":false}