{"cameraMode":{"drawMode":0,"name":"Shaded","section":"Shading Mode"},"sceneLighting":true,"audioPlay":false,"sceneViewState":{"showFog":true,"showMaterialUpdate":false,"showSkybox":true,"showFlares":true,"showImageEffects":true,"showParticleSystems":true},"in2DMode":false,"pivot":{"x":114.83540344238281,"y":-81.67633056640625,"z":-86.99980163574219},"rotation":{"x":0.025392359122633935,"y":-0.9283024072647095,"z":0.36552873253822329,"w":0.0689188688993454},"size":341.9254455566406,"orthographic":false}