{"cameraMode":{"drawMode":0,"name":"Shaded","section":"Shading Mode"},"sceneLighting":true,"audioPlay":false,"sceneViewState":{"showFog":true,"showMaterialUpdate":false,"showSkybox":true,"showFlares":true,"showImageEffects":true,"showParticleSystems":true},"in2DMode":false,"pivot":{"x":80.74594116210938,"y":-8.646875381469727,"z":202.20114135742188},"rotation":{"x":-0.30939173698425295,"y":-0.049903616309165958,"z":0.016259122639894487,"w":-0.9494921565055847},"size":25.57046127319336,"orthographic":true}