{"cameraMode":{"drawMode":0,"name":"Shaded","section":"Shading Mode"},"sceneLighting":true,"audioPlay":false,"sceneViewState":{"showFog":true,"showMaterialUpdate":false,"showSkybox":true,"showFlares":true,"showImageEffects":true,"showParticleSystems":true},"in2DMode":false,"pivot":{"x":20.031097412109376,"y":-47.318748474121097,"z":100.11129760742188},"rotation":{"x":-0.15339230000972749,"y":0.744957685470581,"z":-0.18349100649356843,"w":-0.6227800846099854},"size":98.5324478149414,"orthographic":true}