{"cameraMode":{"drawMode":0,"name":"Shaded","section":"Shading Mode"},"sceneLighting":true,"audioPlay":false,"sceneViewState":{"showFog":true,"showMaterialUpdate":false,"showSkybox":true,"showFlares":true,"showImageEffects":true,"showParticleSystems":true},"in2DMode":false,"pivot":{"x":79.20266723632813,"y":-22.919620513916017,"z":117.8055419921875},"rotation":{"x":-0.008090349845588208,"y":0.9744341373443604,"z":-0.22332967817783357,"w":-0.03432600200176239},"size":77.6397476196289,"orthographic":false}