{"cameraMode":{"drawMode":0,"name":"Shaded","section":"Shading Mode"},"sceneLighting":true,"audioPlay":false,"sceneViewState":{"showFog":true,"showMaterialUpdate":false,"showSkybox":true,"showFlares":true,"showImageEffects":true,"showParticleSystems":true},"in2DMode":false,"pivot":{"x":79.45817565917969,"y":-36.32862091064453,"z":-122.39129638671875},"rotation":{"x":-0.12080297619104386,"y":0.8642279505729675,"z":-0.42066869139671328,"w":-0.24816206097602845},"size":280.7990417480469,"orthographic":false}