{"cameraMode":{"drawMode":0,"name":"Shaded","section":"Shading Mode"},"sceneLighting":true,"audioPlay":false,"sceneViewState":{"showFog":true,"showMaterialUpdate":false,"showSkybox":true,"showFlares":true,"showImageEffects":true,"showParticleSystems":true},"in2DMode":false,"pivot":{"x":-73.86463165283203,"y":-325.5447692871094,"z":139.8363037109375},"rotation":{"x":0.3922916650772095,"y":-0.590752124786377,"z":0.3824370801448822,"w":0.5944064259529114},"size":422.7685241699219,"orthographic":false}