{"cameraMode":{"drawMode":0,"name":"Shaded","section":"Shading Mode"},"sceneLighting":false,"audioPlay":false,"sceneViewState":{"showFog":true,"showMaterialUpdate":false,"showSkybox":false,"showFlares":true,"showImageEffects":true,"showParticleSystems":true},"in2DMode":false,"pivot":{"x":0.0,"y":1.7649497985839844,"z":0.9899492263793945},"rotation":{"x":0.05903313681483269,"y":-0.9317939281463623,"z":0.1784272938966751,"w":0.3116188645362854},"size":24.565725326538087,"orthographic":false}