{"cameraMode":{"drawMode":0,"name":"Shaded","section":"Shading Mode"},"sceneLighting":true,"audioPlay":false,"sceneViewState":{"showFog":true,"showMaterialUpdate":false,"showSkybox":true,"showFlares":true,"showImageEffects":true,"showParticleSystems":true},"in2DMode":false,"pivot":{"x":103.27023315429688,"y":37.92279052734375,"z":-115.28913879394531},"rotation":{"x":-0.020237648859620096,"y":-0.9101897478103638,"z":0.4114047586917877,"w":-0.04547096788883209},"size":109.87945556640625,"orthographic":false}