{"cameraMode":{"drawMode":0,"name":"Shaded","section":"Shading Mode"},"sceneLighting":true,"audioPlay":false,"sceneViewState":{"showFog":true,"showMaterialUpdate":false,"showSkybox":true,"showFlares":true,"showImageEffects":true,"showParticleSystems":true},"in2DMode":false,"pivot":{"x":-125.36193084716797,"y":-29.520427703857423,"z":-287.8210754394531},"rotation":{"x":0.47164466977119448,"y":-0.39037010073661806,"z":0.24372950196266175,"w":0.7525022625923157},"size":59.841278076171878,"orthographic":false}