{"cameraMode":{"drawMode":0,"name":"Shaded","section":"Shading Mode"},"sceneLighting":false,"audioPlay":false,"sceneViewState":{"showFog":true,"showMaterialUpdate":false,"showSkybox":false,"showFlares":true,"showImageEffects":true,"showParticleSystems":true},"in2DMode":false,"pivot":{"x":796.07958984375,"y":334.1859436035156,"z":16.93133544921875},"rotation":{"x":0.07817737013101578,"y":-0.03645426034927368,"z":0.0028864466585218908,"w":0.9963106513023377},"size":93.78727722167969,"orthographic":false}