{"cameraMode":{"drawMode":0,"name":"Shaded","section":"Shading Mode"},"sceneLighting":true,"audioPlay":false,"sceneViewState":{"showFog":true,"showMaterialUpdate":false,"showSkybox":true,"showFlares":true,"showImageEffects":true,"showParticleSystems":true},"in2DMode":false,"pivot":{"x":-167.92340087890626,"y":-2.2845458984375,"z":-251.56312561035157},"rotation":{"x":-0.3064420521259308,"y":0.46714577078819277,"z":-0.18007059395313264,"w":-0.8107854723930359},"size":605.5369262695313,"orthographic":false}