{"cameraMode":{"drawMode":0,"name":"Shaded","section":"Shading Mode"},"sceneLighting":true,"audioPlay":false,"sceneViewState":{"showFog":true,"showMaterialUpdate":false,"showSkybox":true,"showFlares":true,"showImageEffects":true,"showParticleSystems":true},"in2DMode":false,"pivot":{"x":451.5252685546875,"y":143.44598388671876,"z":-36.706146240234378},"rotation":{"x":-0.04678868502378464,"y":-0.012888159602880478,"z":0.0006034061079844832,"w":-0.9988262057304382},"size":685.32421875,"orthographic":false}