{"cameraMode":{"drawMode":0,"name":"Shaded","section":"Shading Mode"},"sceneLighting":false,"audioPlay":false,"sceneViewState":{"showFog":true,"showMaterialUpdate":false,"showSkybox":false,"showFlares":true,"showImageEffects":true,"showParticleSystems":true},"in2DMode":false,"pivot":{"x":86.79267883300781,"y":6.734368801116943,"z":99.61651611328125},"rotation":{"x":0.08694570511579514,"y":-0.8106192946434021,"z":0.12716546654701234,"w":0.5666890144348145},"size":13.176060676574707,"orthographic":false}