{"cameraMode":{"drawMode":0,"name":"Shaded","section":"Shading Mode"},"sceneLighting":true,"audioPlay":false,"sceneViewState":{"showFog":true,"showMaterialUpdate":false,"showSkybox":true,"showFlares":true,"showImageEffects":true,"showParticleSystems":true},"in2DMode":false,"pivot":{"x":145.41481018066407,"y":22.533721923828126,"z":-51.524017333984378},"rotation":{"x":0.18678167462348939,"y":-0.7011995315551758,"z":0.19885434210300446,"w":0.6587831377983093},"size":288.2999267578125,"orthographic":false}