{"cameraMode":{"drawMode":0,"name":"Shaded","section":"Shading Mode"},"sceneLighting":true,"audioPlay":false,"sceneViewState":{"showFog":true,"showMaterialUpdate":false,"showSkybox":true,"showFlares":true,"showImageEffects":true,"showParticleSystems":true},"in2DMode":false,"pivot":{"x":685.03466796875,"y":270.3888854980469,"z":611.8883666992188},"rotation":{"x":0.03628915548324585,"y":0.04092192277312279,"z":0.005377193447202444,"w":1.0005608797073365},"size":1172.3441162109375,"orthographic":false}