{"cameraMode":{"drawMode":0,"name":"Shaded","section":"Shading Mode"},"sceneLighting":false,"audioPlay":false,"sceneViewState":{"showFog":true,"showMaterialUpdate":false,"showSkybox":false,"showFlares":true,"showImageEffects":true,"showParticleSystems":true},"in2DMode":false,"pivot":{"x":85.69999694824219,"y":3.890000104904175,"z":98.19400024414063},"rotation":{"x":0.34426921606063845,"y":-0.5763128399848938,"z":0.2942584156990051,"w":0.6817055344581604},"size":8.161192893981934,"orthographic":false}