{"cameraMode":{"drawMode":0,"name":"Shaded","section":"Shading Mode"},"sceneLighting":false,"audioPlay":false,"sceneViewState":{"showFog":true,"showMaterialUpdate":false,"showSkybox":false,"showFlares":true,"showImageEffects":true,"showParticleSystems":true},"in2DMode":false,"pivot":{"x":817.322509765625,"y":345.8614501953125,"z":21.628646850585939},"rotation":{"x":0.11552611738443375,"y":-0.021426711231470109,"z":0.0025185823906213047,"w":0.9931126236915588},"size":110.64171600341797,"orthographic":false}