{"cameraMode":{"drawMode":0,"name":"Shaded","section":"Shading Mode"},"sceneLighting":false,"audioPlay":false,"sceneViewState":{"showFog":true,"showMaterialUpdate":false,"showSkybox":false,"showFlares":true,"showImageEffects":true,"showParticleSystems":true},"in2DMode":false,"pivot":{"x":79.0628662109375,"y":3.3265600204467775,"z":132.55801391601563},"rotation":{"x":-0.4355122447013855,"y":0.3824644982814789,"z":-0.2118803709745407,"w":-0.7870433926582336},"size":9.651952743530274,"orthographic":false}