{"cameraMode":{"drawMode":0,"name":"Shaded","section":"Shading Mode"},"sceneLighting":true,"audioPlay":false,"sceneViewState":{"showFog":true,"showMaterialUpdate":false,"showSkybox":true,"showFlares":true,"showImageEffects":true,"showParticleSystems":true},"in2DMode":false,"pivot":{"x":-142.4610595703125,"y":12.88946533203125,"z":-542.696044921875},"rotation":{"x":0.1140240952372551,"y":-0.8841989636421204,"z":0.3096807301044464,"w":0.3331950306892395},"size":279.47967529296877,"orthographic":false}