{"cameraMode":{"drawMode":0,"name":"Shaded","section":"Shading Mode"},"sceneLighting":false,"audioPlay":false,"sceneViewState":{"showFog":true,"showMaterialUpdate":false,"showSkybox":false,"showFlares":true,"showImageEffects":true,"showParticleSystems":true},"in2DMode":false,"pivot":{"x":0.16072401404380799,"y":0.729171633720398,"z":-0.20397567749023438},"rotation":{"x":-0.00042909811600111425,"y":-0.9995227456092835,"z":0.05254523083567619,"w":0.01632262021303177},"size":6.429193019866943,"orthographic":false}