{"cameraMode":{"drawMode":0,"name":"Shaded","section":"Shading Mode"},"sceneLighting":false,"audioPlay":false,"sceneViewState":{"showFog":true,"showMaterialUpdate":false,"showSkybox":false,"showFlares":true,"showImageEffects":true,"showParticleSystems":true},"in2DMode":false,"pivot":{"x":0.14479684829711915,"y":-0.009886980056762696,"z":-0.03206229209899902},"rotation":{"x":-0.013498364947736264,"y":0.02176276594400406,"z":-0.00042049112380482256,"w":-1.0000486373901368},"size":2.3983469009399416,"orthographic":false}