{"cameraMode":{"drawMode":0,"name":"Shaded","section":"Shading Mode"},"sceneLighting":false,"audioPlay":false,"sceneViewState":{"showFog":true,"showMaterialUpdate":false,"showSkybox":false,"showFlares":true,"showImageEffects":true,"showParticleSystems":true},"in2DMode":false,"pivot":{"x":98.61517333984375,"y":5.078431606292725,"z":98.89962005615235},"rotation":{"x":0.15958698093891145,"y":-0.5886796712875366,"z":0.12274383008480072,"w":0.7841509580612183},"size":11.546724319458008,"orthographic":false}