{"cameraMode":{"drawMode":0,"name":"Shaded","section":"Shading Mode"},"sceneLighting":true,"audioPlay":false,"sceneViewState":{"showFog":true,"showMaterialUpdate":false,"showSkybox":true,"showFlares":true,"showImageEffects":true,"showParticleSystems":true},"in2DMode":false,"pivot":{"x":106.6007080078125,"y":59.14447784423828,"z":7.5399627685546879},"rotation":{"x":-0.1692834496498108,"y":0.661117434501648,"z":-0.15676139295101167,"w":-0.7139800786972046},"size":258.6098937988281,"orthographic":false}