{"cameraMode":{"drawMode":0,"name":"Shaded","section":"Shading Mode"},"sceneLighting":false,"audioPlay":false,"sceneViewState":{"showFog":true,"showMaterialUpdate":false,"showSkybox":false,"showFlares":true,"showImageEffects":true,"showParticleSystems":true},"in2DMode":false,"pivot":{"x":69.78321075439453,"y":1.8523283004760743,"z":85.52393341064453},"rotation":{"x":0.14722098410129548,"y":-0.8468033671379089,"z":0.30954471230506899,"w":0.4091464579105377},"size":16.4860782623291,"orthographic":false}