{"cameraMode":{"drawMode":0,"name":"Shaded","section":"Shading Mode"},"sceneLighting":false,"audioPlay":false,"sceneViewState":{"showFog":true,"showMaterialUpdate":false,"showSkybox":false,"showFlares":true,"showImageEffects":true,"showParticleSystems":true},"in2DMode":false,"pivot":{"x":698.699951171875,"y":343.70001220703127,"z":0.0},"rotation":{"x":0.001243008766323328,"y":0.990572452545166,"z":-0.14365573227405549,"w":-0.007764092646539211},"size":137.34742736816407,"orthographic":false}