{"cameraMode":{"drawMode":0,"name":"Shaded","section":"Shading Mode"},"sceneLighting":true,"audioPlay":false,"sceneViewState":{"showFog":true,"showMaterialUpdate":false,"showSkybox":true,"showFlares":true,"showImageEffects":true,"showParticleSystems":true},"in2DMode":false,"pivot":{"x":-62.17732620239258,"y":48.021690368652347,"z":-157.69650268554688},"rotation":{"x":0.17531049251556397,"y":-0.8208412528038025,"z":0.3158941864967346,"w":0.4460809826850891},"size":59.02077102661133,"orthographic":false}