{"cameraMode":{"drawMode":0,"name":"Shaded","section":"Shading Mode"},"sceneLighting":false,"audioPlay":false,"sceneViewState":{"showFog":true,"showMaterialUpdate":false,"showSkybox":false,"showFlares":true,"showImageEffects":true,"showParticleSystems":true},"in2DMode":false,"pivot":{"x":95.38488006591797,"y":6.418458938598633,"z":96.49762725830078},"rotation":{"x":0.23829038441181184,"y":-0.43794241547584536,"z":0.12361998111009598,"w":0.8591335415840149},"size":17.51893424987793,"orthographic":false}