{"cameraMode":{"drawMode":0,"name":"Shaded","section":"Shading Mode"},"sceneLighting":true,"audioPlay":false,"sceneViewState":{"showFog":true,"showMaterialUpdate":false,"showSkybox":true,"showFlares":true,"showImageEffects":true,"showParticleSystems":true},"in2DMode":false,"pivot":{"x":-130.79888916015626,"y":-332.58013916015627,"z":-316.62542724609377},"rotation":{"x":0.07732314616441727,"y":-0.9140861630439758,"z":0.33947888016700747,"w":0.2094845026731491},"size":705.6709594726563,"orthographic":false}