{"cameraMode":{"drawMode":0,"name":"Shaded","section":"Shading Mode"},"sceneLighting":true,"audioPlay":false,"sceneViewState":{"showFog":true,"showMaterialUpdate":false,"showSkybox":true,"showFlares":true,"showImageEffects":true,"showParticleSystems":true},"in2DMode":false,"pivot":{"x":105.36206817626953,"y":4.697486877441406,"z":-73.51681518554688},"rotation":{"x":-0.31216633319854739,"y":0.25493353605270388,"z":-0.08717095106840134,"w":-0.9112325310707092},"size":50.62588119506836,"orthographic":false}