{"cameraMode":{"drawMode":0,"name":"Shaded","section":"Shading Mode"},"sceneLighting":true,"audioPlay":false,"sceneViewState":{"showFog":true,"showMaterialUpdate":false,"showSkybox":true,"showFlares":true,"showImageEffects":true,"showParticleSystems":true},"in2DMode":false,"pivot":{"x":83.67089080810547,"y":-7.726457595825195,"z":163.25205993652345},"rotation":{"x":-0.0032360791228711607,"y":-0.9351567029953003,"z":0.3552294373512268,"w":-0.01280501950532198},"size":32.1577262878418,"orthographic":false}