{"cameraMode":{"drawMode":0,"name":"Shaded","section":"Shading Mode"},"sceneLighting":false,"audioPlay":false,"sceneViewState":{"showFog":true,"showMaterialUpdate":false,"showSkybox":false,"showFlares":true,"showImageEffects":true,"showParticleSystems":true},"in2DMode":false,"pivot":{"x":82.41051483154297,"y":2.0525922775268556,"z":93.42028045654297},"rotation":{"x":0.02557225152850151,"y":-0.9700758457183838,"z":0.21006079018115998,"w":0.12710236012935639},"size":17.3046817779541,"orthographic":false}