{"cameraMode":{"drawMode":0,"name":"Shaded","section":"Shading Mode"},"sceneLighting":false,"audioPlay":false,"sceneViewState":{"showFog":true,"showMaterialUpdate":false,"showSkybox":false,"showFlares":true,"showImageEffects":true,"showParticleSystems":true},"in2DMode":false,"pivot":{"x":508.44000244140627,"y":415.04998779296877,"z":0.0},"rotation":{"x":0.32785311341285708,"y":-0.6380069851875305,"z":0.34581536054611208,"w":0.6054751873016357},"size":210.01071166992188,"orthographic":false}